Well Position,Well,i7,Read,i5,Read,0
A1,A1,N701,TAAGGCGA,N501,TAGATCGC,
B1,B1,N701,TAAGGCGA,N502,CTCTCTAT,
C1,C1,N701,TAAGGCGA,N503,TATCCTCT,
D1,D1,N701,TAAGGCGA,N504,AGAGTAGA,
E1,E1,N701,TAAGGCGA,N505,GTAAGGAG,
F1,F1,N701,TAAGGCGA,N506,ACTGCATA,
G1,G1,N701,TAAGGCGA,N507,AAGGAGTA,
H1,H1,N701,TAAGGCGA,N508,CTAAGCCT,
A2,A2,N702,CGTACTAG,N501,TAGATCGC,
B2,B2,N702,CGTACTAG,N502,CTCTCTAT,
C2,C2,N702,CGTACTAG,N503,TATCCTCT,
D2,D2,N702,CGTACTAG,N504,AGAGTAGA,
E2,E2,N702,CGTACTAG,N505,GTAAGGAG,
F2,F2,N702,CGTACTAG,N506,ACTGCATA,
G2,G2,N702,CGTACTAG,N507,AAGGAGTA,
H2,H2,N702,CGTACTAG,N508,CTAAGCCT,
A3,A3,N703,AGGCAGAA,N501,TAGATCGC,
B3,B3,N703,AGGCAGAA,N502,CTCTCTAT,
C3,C3,N703,AGGCAGAA,N503,TATCCTCT,
D3,D3,N703,AGGCAGAA,N504,AGAGTAGA,
E3,E3,N703,AGGCAGAA,N505,GTAAGGAG,
F3,F3,N703,AGGCAGAA,N506,ACTGCATA,
G3,G3,N703,AGGCAGAA,N507,AAGGAGTA,
H3,H3,N703,AGGCAGAA,N508,CTAAGCCT,
A4,A4,N704,TCCTGAGC,N501,TAGATCGC,
B4,B4,N704,TCCTGAGC,N502,CTCTCTAT,
C4,C4,N704,TCCTGAGC,N503,TATCCTCT,
D4,D4,N704,TCCTGAGC,N504,AGAGTAGA,
E4,E4,N704,TCCTGAGC,N505,GTAAGGAG,
F4,F4,N704,TCCTGAGC,N506,ACTGCATA,
G4,G4,N704,TCCTGAGC,N507,AAGGAGTA,
H4,H4,N704,TCCTGAGC,N508,CTAAGCCT,
A5,A5,N705,GGACTCCT,N501,TAGATCGC,
B5,B5,N705,GGACTCCT,N502,CTCTCTAT,
C5,C5,N705,GGACTCCT,N503,TATCCTCT,
D5,D5,N705,GGACTCCT,N504,AGAGTAGA,
E5,E5,N705,GGACTCCT,N505,GTAAGGAG,
F5,F5,N705,GGACTCCT,N506,ACTGCATA,
G5,G5,N705,GGACTCCT,N507,AAGGAGTA,
H5,H5,N705,GGACTCCT,N508,CTAAGCCT,
A6,A6,N706,TAGGCATG,N501,TAGATCGC,
B6,B6,N706,TAGGCATG,N502,CTCTCTAT,
C6,C6,N706,TAGGCATG,N503,TATCCTCT,
D6,D6,N706,TAGGCATG,N504,AGAGTAGA,
E6,E6,N706,TAGGCATG,N505,GTAAGGAG,
F6,F6,N706,TAGGCATG,N506,ACTGCATA,
G6,G6,N706,TAGGCATG,N507,AAGGAGTA,
H6,H6,N706,TAGGCATG,N508,CTAAGCCT,
A7,A7,N707,CTCTCTAC,N501,TAGATCGC,
B7,B7,N707,CTCTCTAC,N502,CTCTCTAT,
C7,C7,N707,CTCTCTAC,N503,TATCCTCT,
D7,D7,N707,CTCTCTAC,N504,AGAGTAGA,
E7,E7,N707,CTCTCTAC,N505,GTAAGGAG,
F7,F7,N707,CTCTCTAC,N506,ACTGCATA,
G7,G7,N707,CTCTCTAC,N507,AAGGAGTA,
H7,H7,N707,CTCTCTAC,N508,CTAAGCCT,
A8,A8,N708,CAGAGAGG,N501,TAGATCGC,
B8,B8,N708,CAGAGAGG,N502,CTCTCTAT,
C8,C8,N708,CAGAGAGG,N503,TATCCTCT,
D8,D8,N708,CAGAGAGG,N504,AGAGTAGA,
E8,E8,N708,CAGAGAGG,N505,GTAAGGAG,
F8,F8,N708,CAGAGAGG,N506,ACTGCATA,
G8,G8,N708,CAGAGAGG,N507,AAGGAGTA,
H8,H8,N708,CAGAGAGG,N508,CTAAGCCT,
A9,A9,N709,GCTACGCT,N501,TAGATCGC,
B9,B9,N709,GCTACGCT,N502,CTCTCTAT,
C9,C9,N709,GCTACGCT,N503,TATCCTCT,
D9,D9,N709,GCTACGCT,N504,AGAGTAGA,
E9,E9,N709,GCTACGCT,N505,GTAAGGAG,
F9,F9,N709,GCTACGCT,N506,ACTGCATA,
G9,G9,N709,GCTACGCT,N507,AAGGAGTA,
H9,H9,N709,GCTACGCT,N508,CTAAGCCT,
A10,A10,N710,CGAGGCTG,N501,TAGATCGC,
B10,B10,N710,CGAGGCTG,N502,CTCTCTAT,
C10,C10,N710,CGAGGCTG,N503,TATCCTCT,
D10,D10,N710,CGAGGCTG,N504,AGAGTAGA,
E10,E10,N710,CGAGGCTG,N505,GTAAGGAG,
F10,F10,N710,CGAGGCTG,N506,ACTGCATA,
G10,G10,N710,CGAGGCTG,N507,AAGGAGTA,
H10,H10,N710,CGAGGCTG,N508,CTAAGCCT,
A11,A11,N711,AAGAGGCA,N501,TAGATCGC,
B11,B11,N711,AAGAGGCA,N502,CTCTCTAT,
C11,C11,N711,AAGAGGCA,N503,TATCCTCT,
D11,D11,N711,AAGAGGCA,N504,AGAGTAGA,
E11,E11,N711,AAGAGGCA,N505,GTAAGGAG,
F11,F11,N711,AAGAGGCA,N506,ACTGCATA,
G11,G11,N711,AAGAGGCA,N507,AAGGAGTA,
H11,H11,N711,AAGAGGCA,N508,CTAAGCCT,
A12,A12,N712,GTAGAGGA,N501,TAGATCGC,
B12,B12,N712,GTAGAGGA,N502,CTCTCTAT,
C12,C12,N712,GTAGAGGA,N503,TATCCTCT,
D12,D12,N712,GTAGAGGA,N504,AGAGTAGA,
E12,E12,N712,GTAGAGGA,N505,GTAAGGAG,
F12,F12,N712,GTAGAGGA,N506,ACTGCATA,
G12,G12,N712,GTAGAGGA,N507,AAGGAGTA,
H12,H12,N712,GTAGAGGA,N508,CTAAGCCT,
