COLLECTION_ID,SILLY_CODE,FISH_ID,SAMPLE_DATE,SEX,LENGTH_MM,TISSUE_TYPE,DNA_TRAY_CODE,DNA_TRAY_WELL_CODE,LOCATION_CODE,SAMPLE_ID,OTOLITH_MARK_PRESENT,OTOLITH_MARK_ID,OTOLITH_MARK_STATUS_CODE,SAMPLE_YEAR,IS_MISSING_PAIRED_DATA_EXISTS,WELL_HAS_MORE_THAN_ONE_SAMPLE,TARGET_DNA_TRAY_CODE,TARGET_DNA_TRAY_WELL_POS,TARGET_CONTAINER_ARRAY_TYPE_ID,CONTAINER_ARRAY_TYPE,DETERMINATION_COLLECTION_ID
51300,PDUCK13,1,2013-08-18 00:00:00,NA,NA,Axillary Process,1300001973,1,Duck River,201399079,NO,NA,1L0n,2013,NA,NA,NA,NA,NA,NA,NA
51300,PDUCK13,1,2013-08-18 00:00:00,NA,NA,Otolith,1300001973,1,Duck River,201399079,NO,NA,1L0n,2013,0,0,NA,NA,NA,NA,NA
51300,PDUCK13,2,2013-08-18 00:00:00,NA,NA,Axillary Process,1300001973,2,Duck River,201399079,NO,NA,1L0n,2013,NA,NA,NA,NA,NA,NA,NA
51300,PDUCK13,2,2013-08-18 00:00:00,NA,NA,Otolith,1300001973,2,Duck River,201399079,NO,NA,1L0n,2013,0,0,NA,NA,NA,NA,NA
51300,PDUCK13,3,2013-08-18 00:00:00,NA,NA,Axillary Process,1300001973,3,Duck River,201399079,NO,NA,1L0n,2013,NA,NA,NA,NA,NA,NA,NA
51300,PDUCK13,3,2013-08-18 00:00:00,NA,NA,Otolith,1300001973,3,Duck River,201399079,NO,NA,1L0n,2013,0,0,NA,NA,NA,NA,NA
51300,PDUCK13,4,2013-08-18 00:00:00,NA,NA,Axillary Process,1300001973,4,Duck River,201399079,NO,NA,1L0n,2013,NA,NA,NA,NA,NA,NA,NA
51300,PDUCK13,4,2013-08-18 00:00:00,NA,NA,Otolith,1300001973,4,Duck River,201399079,NO,NA,1L0n,2013,0,0,NA,NA,NA,NA,NA
51300,PDUCK13,5,2013-08-18 00:00:00,NA,NA,Axillary Process,1300001973,5,Duck River,201399079,NO,NA,1L0n,2013,NA,NA,NA,NA,NA,NA,NA
51300,PDUCK13,5,2013-08-18 00:00:00,NA,NA,Otolith,1300001973,5,Duck River,201399079,NO,NA,1L0n,2013,0,0,NA,NA,NA,NA,NA
51300,PDUCK13,6,2013-08-18 00:00:00,NA,NA,Axillary Process,1300001973,6,Duck River,201399079,NO,NA,1L0n,2013,NA,NA,NA,NA,NA,NA,NA
51300,PDUCK13,6,2013-08-18 00:00:00,NA,NA,Otolith,1300001973,6,Duck River,201399079,NO,NA,1L0n,2013,0,0,NA,NA,NA,NA,NA
51300,PDUCK13,7,2013-08-18 00:00:00,NA,NA,Axillary Process,1300001973,7,Duck River,201399079,NO,NA,1L0n,2013,NA,NA,NA,NA,NA,NA,NA
51300,PDUCK13,7,2013-08-18 00:00:00,NA,NA,Otolith,1300001973,7,Duck River,201399079,NO,NA,1L0n,2013,0,0,NA,NA,NA,NA,NA
51300,PDUCK13,8,2013-08-18 00:00:00,NA,NA,Axillary Process,1300001973,8,Duck River,201399079,NO,NA,1L0n,2013,NA,NA,NA,NA,NA,NA,NA
51300,PDUCK13,8,2013-08-18 00:00:00,NA,NA,Otolith,1300001973,8,Duck River,201399079,NO,NA,1L0n,2013,0,0,NA,NA,NA,NA,NA
51300,PDUCK13,9,2013-08-18 00:00:00,NA,NA,Axillary Process,1300001973,9,Duck River,201399079,NO,NA,1L0n,2013,NA,NA,NA,NA,NA,NA,NA
51300,PDUCK13,9,2013-08-18 00:00:00,NA,NA,Otolith,1300001973,9,Duck River,201399079,NO,NA,1L0n,2013,0,0,NA,NA,NA,NA,NA
51300,PDUCK13,10,2013-08-18 00:00:00,NA,NA,Axillary Process,1300001973,10,Duck River,201399079,NO,NA,1L0n,2013,NA,NA,NA,NA,NA,NA,NA
51300,PDUCK13,10,2013-08-18 00:00:00,NA,NA,Otolith,1300001973,10,Duck River,201399079,NO,NA,1L0n,2013,0,0,NA,NA,NA,NA,NA
51300,PDUCK13,11,2013-08-18 00:00:00,NA,NA,Axillary Process,1300001973,11,Duck River,201399079,NO,NA,1L0n,2013,NA,NA,NA,NA,NA,NA,NA
51300,PDUCK13,11,2013-08-18 00:00:00,NA,NA,Otolith,1300001973,11,Duck River,201399079,NO,NA,1L0n,2013,0,0,NA,NA,NA,NA,NA
51300,PDUCK13,12,2013-08-18 00:00:00,NA,NA,Axillary Process,1300001973,12,Duck River,201399079,NO,NA,1L1n,2013,NA,NA,NA,NA,NA,NA,NA
51300,PDUCK13,12,2013-08-18 00:00:00,NA,NA,Otolith,1300001973,12,Duck River,201399079,NO,NA,1L1n,2013,0,0,NA,NA,NA,NA,NA
51300,PDUCK13,13,2013-08-18 00:00:00,NA,NA,Axillary Process,1300001973,13,Duck River,201399079,NO,NA,1L0n,2013,NA,NA,NA,NA,NA,NA,NA
51300,PDUCK13,13,2013-08-18 00:00:00,NA,NA,Otolith,1300001973,13,Duck River,201399079,NO,NA,1L0n,2013,0,0,NA,NA,NA,NA,NA
51300,PDUCK13,14,2013-08-18 00:00:00,NA,NA,Axillary Process,1300001973,14,Duck River,201399079,NO,NA,1L0n,2013,NA,NA,NA,NA,NA,NA,NA
51300,PDUCK13,14,2013-08-18 00:00:00,NA,NA,Otolith,1300001973,14,Duck River,201399079,NO,NA,1L0n,2013,0,0,NA,NA,NA,NA,NA
51300,PDUCK13,15,2013-08-18 00:00:00,NA,NA,Axillary Process,1300001973,15,Duck River,201399079,NO,NA,1L0n,2013,NA,NA,NA,NA,NA,NA,NA
51300,PDUCK13,15,2013-08-18 00:00:00,NA,NA,Otolith,1300001973,15,Duck River,201399079,NO,NA,1L0n,2013,0,0,NA,NA,NA,NA,NA
51300,PDUCK13,16,2013-08-18 00:00:00,NA,NA,Axillary Process,1300001973,16,Duck River,201399079,NO,NA,1L0n,2013,NA,NA,NA,NA,NA,NA,NA
51300,PDUCK13,16,2013-08-18 00:00:00,NA,NA,Otolith,1300001973,16,Duck River,201399079,NO,NA,1L0n,2013,0,0,NA,NA,NA,NA,NA
51300,PDUCK13,17,2013-08-18 00:00:00,NA,NA,Axillary Process,1300001973,17,Duck River,201399079,NO,NA,1L0n,2013,NA,NA,NA,NA,NA,NA,NA
51300,PDUCK13,17,2013-08-18 00:00:00,NA,NA,Otolith,1300001973,17,Duck River,201399079,NO,NA,1L0n,2013,0,0,NA,NA,NA,NA,NA
51300,PDUCK13,18,2013-08-18 00:00:00,NA,NA,Axillary Process,1300001973,18,Duck River,201399079,NO,NA,1L0n,2013,NA,NA,NA,NA,NA,NA,NA
51300,PDUCK13,18,2013-08-18 00:00:00,NA,NA,Otolith,1300001973,18,Duck River,201399079,NO,NA,1L0n,2013,0,0,NA,NA,NA,NA,NA
51300,PDUCK13,19,2013-08-18 00:00:00,NA,NA,Axillary Process,1300001973,19,Duck River,201399079,NO,NA,1L0n,2013,NA,NA,NA,NA,NA,NA,NA
51300,PDUCK13,19,2013-08-18 00:00:00,NA,NA,Otolith,1300001973,19,Duck River,201399079,NO,NA,1L0n,2013,0,0,NA,NA,NA,NA,NA
51300,PDUCK13,20,2013-08-18 00:00:00,NA,NA,Axillary Process,1300001973,20,Duck River,201399079,NO,NA,1L0n,2013,NA,NA,NA,NA,NA,NA,NA
51300,PDUCK13,20,2013-08-18 00:00:00,NA,NA,Otolith,1300001973,20,Duck River,201399079,NO,NA,1L0n,2013,0,0,NA,NA,NA,NA,NA
51300,PDUCK13,21,2013-08-18 00:00:00,NA,NA,Axillary Process,1300001973,21,Duck River,201399079,NO,NA,1L0n,2013,NA,NA,NA,NA,NA,NA,NA
51300,PDUCK13,21,2013-08-18 00:00:00,NA,NA,Otolith,1300001973,21,Duck River,201399079,NO,NA,1L0n,2013,0,0,NA,NA,NA,NA,NA
51300,PDUCK13,22,2013-08-18 00:00:00,NA,NA,Axillary Process,1300001973,22,Duck River,201399079,NO,NA,1L0n,2013,NA,NA,NA,NA,NA,NA,NA
51300,PDUCK13,22,2013-08-18 00:00:00,NA,NA,Otolith,1300001973,22,Duck River,201399079,NO,NA,1L0n,2013,0,0,NA,NA,NA,NA,NA
51300,PDUCK13,23,2013-08-18 00:00:00,NA,NA,Axillary Process,1300001973,23,Duck River,201399079,NO,NA,1L0n,2013,NA,NA,NA,NA,NA,NA,NA
51300,PDUCK13,23,2013-08-18 00:00:00,NA,NA,Otolith,1300001973,23,Duck River,201399079,NO,NA,1L0n,2013,0,0,NA,NA,NA,NA,NA
51300,PDUCK13,24,2013-08-18 00:00:00,NA,NA,Axillary Process,1300001973,24,Duck River,201399079,NO,NA,1L0n,2013,NA,NA,NA,NA,NA,NA,NA
51300,PDUCK13,24,2013-08-18 00:00:00,NA,NA,Otolith,1300001973,24,Duck River,201399079,NO,NA,1L0n,2013,0,0,NA,NA,NA,NA,NA
51300,PDUCK13,25,2013-08-18 00:00:00,NA,NA,Axillary Process,1300001973,25,Duck River,201399079,NO,NA,1L0n,2013,NA,NA,NA,NA,NA,NA,NA
51300,PDUCK13,25,2013-08-18 00:00:00,NA,NA,Otolith,1300001973,25,Duck River,201399079,NO,NA,1L0n,2013,0,0,NA,NA,NA,NA,NA
51300,PDUCK13,26,2013-08-18 00:00:00,NA,NA,Axillary Process,1300001973,26,Duck River,201399079,NO,NA,1L0n,2013,NA,NA,NA,NA,NA,NA,NA
51300,PDUCK13,26,2013-08-18 00:00:00,NA,NA,Otolith,1300001973,26,Duck River,201399079,NO,NA,1L0n,2013,0,0,NA,NA,NA,NA,NA
51300,PDUCK13,27,2013-08-18 00:00:00,NA,NA,Axillary Process,1300001973,27,Duck River,201399079,NO,NA,1L0n,2013,NA,NA,NA,NA,NA,NA,NA
51300,PDUCK13,27,2013-08-18 00:00:00,NA,NA,Otolith,1300001973,27,Duck River,201399079,NO,NA,1L0n,2013,0,0,NA,NA,NA,NA,NA
51300,PDUCK13,28,2013-08-18 00:00:00,NA,NA,Axillary Process,1300001973,28,Duck River,201399079,NO,NA,1L0n,2013,NA,NA,NA,NA,NA,NA,NA
51300,PDUCK13,28,2013-08-18 00:00:00,NA,NA,Otolith,1300001973,28,Duck River,201399079,NO,NA,1L0n,2013,0,0,NA,NA,NA,NA,NA
51300,PDUCK13,29,2013-08-18 00:00:00,NA,NA,Axillary Process,1300001973,29,Duck River,201399079,NO,NA,1L0n,2013,NA,NA,NA,NA,NA,NA,NA
51300,PDUCK13,29,2013-08-18 00:00:00,NA,NA,Otolith,1300001973,29,Duck River,201399079,NO,NA,1L0n,2013,0,0,NA,NA,NA,NA,NA
51300,PDUCK13,30,2013-08-18 00:00:00,NA,NA,Axillary Process,1300001973,30,Duck River,201399079,NO,NA,1R20,2013,NA,NA,NA,NA,NA,NA,NA
51300,PDUCK13,30,2013-08-18 00:00:00,NA,NA,Otolith,1300001973,30,Duck River,201399079,NO,NA,1R20,2013,0,0,NA,NA,NA,NA,NA
51300,PDUCK13,31,2013-08-18 00:00:00,NA,NA,Axillary Process,1300001973,31,Duck River,201399079,NO,NA,1L0n,2013,NA,NA,NA,NA,NA,NA,NA
51300,PDUCK13,31,2013-08-18 00:00:00,NA,NA,Otolith,1300001973,31,Duck River,201399079,NO,NA,1L0n,2013,0,0,NA,NA,NA,NA,NA
51300,PDUCK13,32,2013-08-18 00:00:00,NA,NA,Axillary Process,1300001973,32,Duck River,201399079,NO,NA,1L0n,2013,NA,NA,NA,NA,NA,NA,NA
51300,PDUCK13,32,2013-08-18 00:00:00,NA,NA,Otolith,1300001973,32,Duck River,201399079,NO,NA,1L0n,2013,0,0,NA,NA,NA,NA,NA
51300,PDUCK13,33,2013-08-18 00:00:00,NA,NA,Axillary Process,1300001973,33,Duck River,201399079,NO,NA,1L0n,2013,NA,NA,NA,NA,NA,NA,NA
51300,PDUCK13,33,2013-08-18 00:00:00,NA,NA,Otolith,1300001973,33,Duck River,201399079,NO,NA,1L0n,2013,0,0,NA,NA,NA,NA,NA
51300,PDUCK13,34,2013-08-18 00:00:00,NA,NA,Axillary Process,1300001973,34,Duck River,201399079,NO,NA,1L0n,2013,NA,NA,NA,NA,NA,NA,NA
51300,PDUCK13,34,2013-08-18 00:00:00,NA,NA,Otolith,1300001973,34,Duck River,201399079,NO,NA,1L0n,2013,0,0,NA,NA,NA,NA,NA
51300,PDUCK13,35,2013-08-18 00:00:00,NA,NA,Axillary Process,1300001973,35,Duck River,201399079,NO,NA,1L0n,2013,NA,NA,NA,NA,NA,NA,NA
51300,PDUCK13,35,2013-08-18 00:00:00,NA,NA,Otolith,1300001973,35,Duck River,201399079,NO,NA,1L0n,2013,0,0,NA,NA,NA,NA,NA
51300,PDUCK13,36,2013-08-18 00:00:00,NA,NA,Axillary Process,1300001973,36,Duck River,201399079,NO,NA,1L0n,2013,NA,NA,NA,NA,NA,NA,NA
51300,PDUCK13,36,2013-08-18 00:00:00,NA,NA,Otolith,1300001973,36,Duck River,201399079,NO,NA,1L0n,2013,0,0,NA,NA,NA,NA,NA
51300,PDUCK13,37,2013-08-18 00:00:00,NA,NA,Axillary Process,1300001973,37,Duck River,201399079,NO,NA,1L0n,2013,NA,NA,NA,NA,NA,NA,NA
51300,PDUCK13,37,2013-08-18 00:00:00,NA,NA,Otolith,1300001973,37,Duck River,201399079,NO,NA,1L0n,2013,0,0,NA,NA,NA,NA,NA
51300,PDUCK13,38,2013-08-18 00:00:00,NA,NA,Axillary Process,1300001973,38,Duck River,201399079,NO,NA,1L0n,2013,NA,NA,NA,NA,NA,NA,NA
51300,PDUCK13,38,2013-08-18 00:00:00,NA,NA,Otolith,1300001973,38,Duck River,201399079,NO,NA,1L0n,2013,0,0,NA,NA,NA,NA,NA
51300,PDUCK13,39,2013-08-18 00:00:00,NA,NA,Axillary Process,1300001973,39,Duck River,201399079,NO,NA,1L0n,2013,NA,NA,NA,NA,NA,NA,NA
51300,PDUCK13,39,2013-08-18 00:00:00,NA,NA,Otolith,1300001973,39,Duck River,201399079,NO,NA,1L0n,2013,0,0,NA,NA,NA,NA,NA
51300,PDUCK13,40,2013-08-18 00:00:00,NA,NA,Axillary Process,1300001973,40,Duck River,201399079,NO,NA,1L0n,2013,NA,NA,NA,NA,NA,NA,NA
51300,PDUCK13,40,2013-08-18 00:00:00,NA,NA,Otolith,1300001973,40,Duck River,201399079,NO,NA,1L0n,2013,0,0,NA,NA,NA,NA,NA
51300,PDUCK13,41,2013-08-18 00:00:00,NA,NA,Axillary Process,1300001973,41,Duck River,201399079,NO,NA,1L0n,2013,NA,NA,NA,NA,NA,NA,NA
51300,PDUCK13,41,2013-08-18 00:00:00,NA,NA,Otolith,1300001973,41,Duck River,201399079,NO,NA,1L0n,2013,0,0,NA,NA,NA,NA,NA
51300,PDUCK13,42,2013-08-18 00:00:00,NA,NA,Axillary Process,1300001973,42,Duck River,201399079,NO,NA,1L0n,2013,NA,NA,NA,NA,NA,NA,NA
51300,PDUCK13,42,2013-08-18 00:00:00,NA,NA,Otolith,1300001973,42,Duck River,201399079,NO,NA,1L0n,2013,0,0,NA,NA,NA,NA,NA
51300,PDUCK13,43,2013-08-18 00:00:00,NA,NA,Axillary Process,1300001973,43,Duck River,201399079,NO,NA,1L0n,2013,NA,NA,NA,NA,NA,NA,NA
51300,PDUCK13,43,2013-08-18 00:00:00,NA,NA,Otolith,1300001973,43,Duck River,201399079,NO,NA,1L0n,2013,0,0,NA,NA,NA,NA,NA
51300,PDUCK13,44,2013-08-18 00:00:00,NA,NA,Axillary Process,1300001973,44,Duck River,201399079,NO,NA,1L0n,2013,NA,NA,NA,NA,NA,NA,NA
51300,PDUCK13,44,2013-08-18 00:00:00,NA,NA,Otolith,1300001973,44,Duck River,201399079,NO,NA,1L0n,2013,0,0,NA,NA,NA,NA,NA
51300,PDUCK13,45,2013-08-18 00:00:00,NA,NA,Axillary Process,1300001973,45,Duck River,201399079,NO,NA,1L0n,2013,NA,NA,NA,NA,NA,NA,NA
51300,PDUCK13,45,2013-08-18 00:00:00,NA,NA,Otolith,1300001973,45,Duck River,201399079,NO,NA,1L0n,2013,0,0,NA,NA,NA,NA,NA
51300,PDUCK13,46,2013-08-18 00:00:00,NA,NA,Axillary Process,1300001973,46,Duck River,201399079,NO,NA,1L0n,2013,NA,NA,NA,NA,NA,NA,NA
51300,PDUCK13,46,2013-08-18 00:00:00,NA,NA,Otolith,1300001973,46,Duck River,201399079,NO,NA,1L0n,2013,0,0,NA,NA,NA,NA,NA
51300,PDUCK13,47,2013-08-18 00:00:00,NA,NA,Axillary Process,1300001973,47,Duck River,201399079,NO,NA,1L0n,2013,NA,NA,NA,NA,NA,NA,NA
51300,PDUCK13,47,2013-08-18 00:00:00,NA,NA,Otolith,1300001973,47,Duck River,201399079,NO,NA,1L0n,2013,0,0,NA,NA,NA,NA,NA
51300,PDUCK13,48,2013-08-18 00:00:00,NA,NA,Axillary Process,1300001973,48,Duck River,201399079,NO,NA,1L0n,2013,NA,NA,NA,NA,NA,NA,NA
51300,PDUCK13,48,2013-08-18 00:00:00,NA,NA,Otolith,1300001973,48,Duck River,201399079,NO,NA,1L0n,2013,0,0,NA,NA,NA,NA,NA
51300,PDUCK13,49,2013-08-18 00:00:00,NA,NA,Axillary Process,1300001974,1,Duck River,201399080,NO,NA,1L0n,2013,NA,NA,NA,NA,NA,NA,NA
51300,PDUCK13,49,2013-08-18 00:00:00,NA,NA,Otolith,1300001974,1,Duck River,201399080,NO,NA,1L0n,2013,0,0,NA,NA,NA,NA,NA
51300,PDUCK13,50,2013-08-18 00:00:00,NA,NA,Axillary Process,1300001974,2,Duck River,201399080,NO,NA,1L0n,2013,NA,NA,NA,NA,NA,NA,NA
51300,PDUCK13,50,2013-08-18 00:00:00,NA,NA,Otolith,1300001974,2,Duck River,201399080,NO,NA,1L0n,2013,0,0,NA,NA,NA,NA,NA
51300,PDUCK13,51,2013-08-18 00:00:00,NA,NA,Axillary Process,1300001974,3,Duck River,201399080,NO,NA,1L0n,2013,NA,NA,NA,NA,NA,NA,NA
51300,PDUCK13,51,2013-08-18 00:00:00,NA,NA,Otolith,1300001974,3,Duck River,201399080,NO,NA,1L0n,2013,0,0,NA,NA,NA,NA,NA
51300,PDUCK13,52,2013-08-18 00:00:00,NA,NA,Axillary Process,1300001974,4,Duck River,201399080,NO,NA,1L0n,2013,NA,NA,NA,NA,NA,NA,NA
51300,PDUCK13,52,2013-08-18 00:00:00,NA,NA,Otolith,1300001974,4,Duck River,201399080,NO,NA,1L0n,2013,0,0,NA,NA,NA,NA,NA
51300,PDUCK13,53,2013-08-18 00:00:00,NA,NA,Axillary Process,1300001974,5,Duck River,201399080,NO,NA,1L0n,2013,NA,NA,NA,NA,NA,NA,NA
51300,PDUCK13,53,2013-08-18 00:00:00,NA,NA,Otolith,1300001974,5,Duck River,201399080,NO,NA,1L0n,2013,0,0,NA,NA,NA,NA,NA
51300,PDUCK13,54,2013-08-18 00:00:00,NA,NA,Axillary Process,1300001974,6,Duck River,201399080,NO,NA,1L0n,2013,NA,NA,NA,NA,NA,NA,NA
51300,PDUCK13,54,2013-08-18 00:00:00,NA,NA,Otolith,1300001974,6,Duck River,201399080,NO,NA,1L0n,2013,0,0,NA,NA,NA,NA,NA
51300,PDUCK13,55,2013-08-18 00:00:00,NA,NA,Axillary Process,1300001974,7,Duck River,201399080,NO,NA,1L0n,2013,NA,NA,NA,NA,NA,NA,NA
51300,PDUCK13,55,2013-08-18 00:00:00,NA,NA,Otolith,1300001974,7,Duck River,201399080,NO,NA,1L0n,2013,0,0,NA,NA,NA,NA,NA
51300,PDUCK13,56,2013-08-18 00:00:00,NA,NA,Axillary Process,1300001974,8,Duck River,201399080,NO,NA,1L0n,2013,NA,NA,NA,NA,NA,NA,NA
51300,PDUCK13,56,2013-08-18 00:00:00,NA,NA,Otolith,1300001974,8,Duck River,201399080,NO,NA,1L0n,2013,0,0,NA,NA,NA,NA,NA
51300,PDUCK13,57,2013-08-18 00:00:00,NA,NA,Axillary Process,1300001974,9,Duck River,201399080,NO,NA,1L0n,2013,NA,NA,NA,NA,NA,NA,NA
51300,PDUCK13,57,2013-08-18 00:00:00,NA,NA,Otolith,1300001974,9,Duck River,201399080,NO,NA,1L0n,2013,0,0,NA,NA,NA,NA,NA
51300,PDUCK13,58,2013-08-18 00:00:00,NA,NA,Axillary Process,1300001974,10,Duck River,201399080,NO,NA,1L0n,2013,NA,NA,NA,NA,NA,NA,NA
51300,PDUCK13,58,2013-08-18 00:00:00,NA,NA,Otolith,1300001974,10,Duck River,201399080,NO,NA,1L0n,2013,0,0,NA,NA,NA,NA,NA
51300,PDUCK13,59,2013-08-18 00:00:00,NA,NA,Axillary Process,1300001974,11,Duck River,201399080,NO,NA,1L0n,2013,NA,NA,NA,NA,NA,NA,NA
51300,PDUCK13,59,2013-08-18 00:00:00,NA,NA,Otolith,1300001974,11,Duck River,201399080,NO,NA,1L0n,2013,0,0,NA,NA,NA,NA,NA
51300,PDUCK13,60,2013-08-18 00:00:00,NA,NA,Axillary Process,1300001974,12,Duck River,201399080,NO,NA,1L0n,2013,NA,NA,NA,NA,NA,NA,NA
51300,PDUCK13,60,2013-08-18 00:00:00,NA,NA,Otolith,1300001974,12,Duck River,201399080,NO,NA,1L0n,2013,0,0,NA,NA,NA,NA,NA
51300,PDUCK13,61,2013-08-18 00:00:00,NA,NA,Axillary Process,1300001974,13,Duck River,201399080,NO,NA,1L0n,2013,NA,NA,NA,NA,NA,NA,NA
51300,PDUCK13,61,2013-08-18 00:00:00,NA,NA,Otolith,1300001974,13,Duck River,201399080,NO,NA,1L0n,2013,0,0,NA,NA,NA,NA,NA
51300,PDUCK13,62,2013-08-18 00:00:00,NA,NA,Axillary Process,1300001974,14,Duck River,201399080,NO,NA,1L0n,2013,NA,NA,NA,NA,NA,NA,NA
51300,PDUCK13,62,2013-08-18 00:00:00,NA,NA,Otolith,1300001974,14,Duck River,201399080,NO,NA,1L0n,2013,0,0,NA,NA,NA,NA,NA
51300,PDUCK13,63,2013-08-18 00:00:00,NA,NA,Axillary Process,1300001974,15,Duck River,201399080,NO,NA,1L0n,2013,NA,NA,NA,NA,NA,NA,NA
51300,PDUCK13,63,2013-08-18 00:00:00,NA,NA,Otolith,1300001974,15,Duck River,201399080,NO,NA,1L0n,2013,0,0,NA,NA,NA,NA,NA
51300,PDUCK13,64,2013-08-18 00:00:00,NA,NA,Axillary Process,1300001974,16,Duck River,201399080,NO,NA,1L0n,2013,NA,NA,NA,NA,NA,NA,NA
51300,PDUCK13,64,2013-08-18 00:00:00,NA,NA,Otolith,1300001974,16,Duck River,201399080,NO,NA,1L0n,2013,0,0,NA,NA,NA,NA,NA
51300,PDUCK13,65,2013-08-18 00:00:00,NA,NA,Axillary Process,1300001974,17,Duck River,201399080,NO,NA,1L0n,2013,NA,NA,NA,NA,NA,NA,NA
51300,PDUCK13,65,2013-08-18 00:00:00,NA,NA,Otolith,1300001974,17,Duck River,201399080,NO,NA,1L0n,2013,0,0,NA,NA,NA,NA,NA
51300,PDUCK13,66,2013-08-18 00:00:00,NA,NA,Axillary Process,1300001974,18,Duck River,201399080,NO,NA,1L0n,2013,NA,NA,NA,NA,NA,NA,NA
51300,PDUCK13,66,2013-08-18 00:00:00,NA,NA,Otolith,1300001974,18,Duck River,201399080,NO,NA,1L0n,2013,0,0,NA,NA,NA,NA,NA
51300,PDUCK13,67,2013-08-18 00:00:00,NA,NA,Axillary Process,1300001974,19,Duck River,201399080,NO,NA,1L0n,2013,NA,NA,NA,NA,NA,NA,NA
51300,PDUCK13,67,2013-08-18 00:00:00,NA,NA,Otolith,1300001974,19,Duck River,201399080,NO,NA,1L0n,2013,0,0,NA,NA,NA,NA,NA
51300,PDUCK13,68,2013-08-18 00:00:00,NA,NA,Axillary Process,1300001974,20,Duck River,201399080,NO,NA,1L0n,2013,NA,NA,NA,NA,NA,NA,NA
51300,PDUCK13,68,2013-08-18 00:00:00,NA,NA,Otolith,1300001974,20,Duck River,201399080,NO,NA,1L0n,2013,0,0,NA,NA,NA,NA,NA
51300,PDUCK13,69,2013-08-18 00:00:00,NA,NA,Axillary Process,1300001974,21,Duck River,201399080,NO,NA,1L0n,2013,NA,NA,NA,NA,NA,NA,NA
51300,PDUCK13,69,2013-08-18 00:00:00,NA,NA,Otolith,1300001974,21,Duck River,201399080,NO,NA,1L0n,2013,0,0,NA,NA,NA,NA,NA
51300,PDUCK13,70,2013-08-18 00:00:00,NA,NA,Axillary Process,1300001974,22,Duck River,201399080,NO,NA,1L0n,2013,NA,NA,NA,NA,NA,NA,NA
51300,PDUCK13,70,2013-08-18 00:00:00,NA,NA,Otolith,1300001974,22,Duck River,201399080,NO,NA,1L0n,2013,0,0,NA,NA,NA,NA,NA
51300,PDUCK13,71,2013-08-18 00:00:00,NA,NA,Axillary Process,1300001974,23,Duck River,201399080,NO,NA,1L0n,2013,NA,NA,NA,NA,NA,NA,NA
51300,PDUCK13,71,2013-08-18 00:00:00,NA,NA,Otolith,1300001974,23,Duck River,201399080,NO,NA,1L0n,2013,0,0,NA,NA,NA,NA,NA
51300,PDUCK13,72,2013-08-18 00:00:00,NA,NA,Axillary Process,1300001974,24,Duck River,201399080,NO,NA,1L0n,2013,NA,NA,NA,NA,NA,NA,NA
51300,PDUCK13,72,2013-08-18 00:00:00,NA,NA,Otolith,1300001974,24,Duck River,201399080,NO,NA,1L0n,2013,0,0,NA,NA,NA,NA,NA
51300,PDUCK13,73,2013-08-18 00:00:00,NA,NA,Axillary Process,1300001974,25,Duck River,201399080,NO,NA,1L0n,2013,NA,NA,NA,NA,NA,NA,NA
51300,PDUCK13,73,2013-08-18 00:00:00,NA,NA,Otolith,1300001974,25,Duck River,201399080,NO,NA,1L0n,2013,0,0,NA,NA,NA,NA,NA
51300,PDUCK13,74,2013-08-18 00:00:00,NA,NA,Axillary Process,1300001974,26,Duck River,201399080,NO,NA,1L0n,2013,NA,NA,NA,NA,NA,NA,NA
51300,PDUCK13,74,2013-08-18 00:00:00,NA,NA,Otolith,1300001974,26,Duck River,201399080,NO,NA,1L0n,2013,0,0,NA,NA,NA,NA,NA
51300,PDUCK13,75,2013-08-18 00:00:00,NA,NA,Axillary Process,1300001974,27,Duck River,201399080,NO,NA,1L0n,2013,NA,NA,NA,NA,NA,NA,NA
51300,PDUCK13,75,2013-08-18 00:00:00,NA,NA,Otolith,1300001974,27,Duck River,201399080,NO,NA,1L0n,2013,0,0,NA,NA,NA,NA,NA
51300,PDUCK13,76,2013-08-18 00:00:00,NA,NA,Axillary Process,1300001974,28,Duck River,201399080,NO,NA,1L0n,2013,NA,NA,NA,NA,NA,NA,NA
51300,PDUCK13,76,2013-08-18 00:00:00,NA,NA,Otolith,1300001974,28,Duck River,201399080,NO,NA,1L0n,2013,0,0,NA,NA,NA,NA,NA
51300,PDUCK13,77,2013-08-18 00:00:00,NA,NA,Axillary Process,1300001974,29,Duck River,201399080,NO,NA,1L0n,2013,NA,NA,NA,NA,NA,NA,NA
51300,PDUCK13,77,2013-08-18 00:00:00,NA,NA,Otolith,1300001974,29,Duck River,201399080,NO,NA,1L0n,2013,0,0,NA,NA,NA,NA,NA
51300,PDUCK13,78,2013-08-18 00:00:00,NA,NA,Axillary Process,1300001974,30,Duck River,201399080,NO,NA,1L0n,2013,NA,NA,NA,NA,NA,NA,NA
51300,PDUCK13,78,2013-08-18 00:00:00,NA,NA,Otolith,1300001974,30,Duck River,201399080,NO,NA,1L0n,2013,0,0,NA,NA,NA,NA,NA
51300,PDUCK13,79,2013-08-18 00:00:00,NA,NA,Axillary Process,1300001974,31,Duck River,201399080,NO,NA,1L0n,2013,NA,NA,NA,NA,NA,NA,NA
51300,PDUCK13,79,2013-08-18 00:00:00,NA,NA,Otolith,1300001974,31,Duck River,201399080,NO,NA,1L0n,2013,0,0,NA,NA,NA,NA,NA
51300,PDUCK13,80,2013-08-18 00:00:00,NA,NA,Axillary Process,1300001974,32,Duck River,201399080,NO,NA,1L0n,2013,NA,NA,NA,NA,NA,NA,NA
51300,PDUCK13,80,2013-08-18 00:00:00,NA,NA,Otolith,1300001974,32,Duck River,201399080,NO,NA,1L0n,2013,0,0,NA,NA,NA,NA,NA
51300,PDUCK13,81,2013-08-18 00:00:00,NA,NA,Axillary Process,1300001974,33,Duck River,201399080,NO,NA,1L0n,2013,NA,NA,NA,NA,NA,NA,NA
51300,PDUCK13,81,2013-08-18 00:00:00,NA,NA,Otolith,1300001974,33,Duck River,201399080,NO,NA,1L0n,2013,0,0,NA,NA,NA,NA,NA
51300,PDUCK13,82,2013-08-18 00:00:00,NA,NA,Axillary Process,1300001974,34,Duck River,201399080,NO,NA,1L0n,2013,NA,NA,NA,NA,NA,NA,NA
51300,PDUCK13,82,2013-08-18 00:00:00,NA,NA,Otolith,1300001974,34,Duck River,201399080,NO,NA,1L0n,2013,0,0,NA,NA,NA,NA,NA
51300,PDUCK13,83,2013-08-18 00:00:00,NA,NA,Axillary Process,1300001974,35,Duck River,201399080,NO,NA,1L0n,2013,NA,NA,NA,NA,NA,NA,NA
51300,PDUCK13,83,2013-08-18 00:00:00,NA,NA,Otolith,1300001974,35,Duck River,201399080,NO,NA,1L0n,2013,0,0,NA,NA,NA,NA,NA
51300,PDUCK13,84,2013-08-18 00:00:00,NA,NA,Axillary Process,1300001974,36,Duck River,201399080,NO,NA,1L0n,2013,NA,NA,NA,NA,NA,NA,NA
51300,PDUCK13,84,2013-08-18 00:00:00,NA,NA,Otolith,1300001974,36,Duck River,201399080,NO,NA,1L0n,2013,0,0,NA,NA,NA,NA,NA
51300,PDUCK13,85,2013-08-18 00:00:00,NA,NA,Axillary Process,1300001974,37,Duck River,201399080,NO,NA,1L0n,2013,NA,NA,NA,NA,NA,NA,NA
51300,PDUCK13,85,2013-08-18 00:00:00,NA,NA,Otolith,1300001974,37,Duck River,201399080,NO,NA,1L0n,2013,0,0,NA,NA,NA,NA,NA
51300,PDUCK13,86,2013-08-18 00:00:00,NA,NA,Axillary Process,1300001974,38,Duck River,201399080,NO,NA,1L0n,2013,NA,NA,NA,NA,NA,NA,NA
51300,PDUCK13,86,2013-08-18 00:00:00,NA,NA,Otolith,1300001974,38,Duck River,201399080,NO,NA,1L0n,2013,0,0,NA,NA,NA,NA,NA
51300,PDUCK13,87,2013-08-18 00:00:00,NA,NA,Axillary Process,1300001974,39,Duck River,201399080,NO,NA,1L0n,2013,NA,NA,NA,NA,NA,NA,NA
51300,PDUCK13,87,2013-08-18 00:00:00,NA,NA,Otolith,1300001974,39,Duck River,201399080,NO,NA,1L0n,2013,0,0,NA,NA,NA,NA,NA
51300,PDUCK13,88,2013-08-18 00:00:00,NA,NA,Axillary Process,1300001974,40,Duck River,201399080,NO,NA,1L0n,2013,NA,NA,NA,NA,NA,NA,NA
51300,PDUCK13,88,2013-08-18 00:00:00,NA,NA,Otolith,1300001974,40,Duck River,201399080,NO,NA,1L0n,2013,0,0,NA,NA,NA,NA,NA
51300,PDUCK13,89,2013-08-18 00:00:00,NA,NA,Axillary Process,1300001974,41,Duck River,201399080,NO,NA,1L0n,2013,NA,NA,NA,NA,NA,NA,NA
51300,PDUCK13,89,2013-08-18 00:00:00,NA,NA,Otolith,1300001974,41,Duck River,201399080,NO,NA,1L0n,2013,0,0,NA,NA,NA,NA,NA
51300,PDUCK13,90,2013-08-18 00:00:00,NA,NA,Axillary Process,1300001974,42,Duck River,201399080,NO,NA,1L0n,2013,NA,NA,NA,NA,NA,NA,NA
51300,PDUCK13,90,2013-08-18 00:00:00,NA,NA,Otolith,1300001974,42,Duck River,201399080,NO,NA,1L0n,2013,0,0,NA,NA,NA,NA,NA
51300,PDUCK13,91,2013-08-18 00:00:00,NA,NA,Axillary Process,1300001974,43,Duck River,201399080,NO,NA,1L0n,2013,NA,NA,NA,NA,NA,NA,NA
51300,PDUCK13,91,2013-08-18 00:00:00,NA,NA,Otolith,1300001974,43,Duck River,201399080,NO,NA,1L0n,2013,0,0,NA,NA,NA,NA,NA
51300,PDUCK13,92,2013-08-18 00:00:00,NA,NA,Axillary Process,1300001974,44,Duck River,201399080,NO,NA,1L0n,2013,NA,NA,NA,NA,NA,NA,NA
51300,PDUCK13,92,2013-08-18 00:00:00,NA,NA,Otolith,1300001974,44,Duck River,201399080,NO,NA,1L0n,2013,0,0,NA,NA,NA,NA,NA
51300,PDUCK13,93,2013-08-18 00:00:00,NA,NA,Axillary Process,1300001974,45,Duck River,201399080,NO,NA,1L0n,2013,NA,NA,NA,NA,NA,NA,NA
51300,PDUCK13,93,2013-08-18 00:00:00,NA,NA,Otolith,1300001974,45,Duck River,201399080,NO,NA,1L0n,2013,0,0,NA,NA,NA,NA,NA
51300,PDUCK13,94,2013-08-18 00:00:00,NA,NA,Axillary Process,1300001974,46,Duck River,201399080,NO,NA,1L0n,2013,NA,NA,NA,NA,NA,NA,NA
51300,PDUCK13,94,2013-08-18 00:00:00,NA,NA,Otolith,1300001974,46,Duck River,201399080,NO,NA,1L0n,2013,0,0,NA,NA,NA,NA,NA
51300,PDUCK13,95,2013-08-18 00:00:00,NA,NA,Axillary Process,1300001974,47,Duck River,201399080,NO,NA,1L0n,2013,NA,NA,NA,NA,NA,NA,NA
51300,PDUCK13,95,2013-08-18 00:00:00,NA,NA,Otolith,1300001974,47,Duck River,201399080,NO,NA,1L0n,2013,0,0,NA,NA,NA,NA,NA
51300,PDUCK13,96,2013-08-18 00:00:00,NA,NA,Axillary Process,1300001974,48,Duck River,201399080,NO,NA,1L0n,2013,NA,NA,NA,NA,NA,NA,NA
51300,PDUCK13,96,2013-08-18 00:00:00,NA,NA,Otolith,1300001974,48,Duck River,201399080,NO,NA,1L0n,2013,0,0,NA,NA,NA,NA,NA
51300,PDUCK13,97,2013-08-18 00:00:00,NA,NA,Axillary Process,1300001975,1,Duck River,201399081,NO,NA,1L0n,2013,NA,NA,NA,NA,NA,NA,NA
51300,PDUCK13,97,2013-08-18 00:00:00,NA,NA,Otolith,1300001975,1,Duck River,201399081,NO,NA,1L0n,2013,0,0,NA,NA,NA,NA,NA
51300,PDUCK13,98,2013-08-18 00:00:00,NA,NA,Axillary Process,1300001975,2,Duck River,201399081,NO,NA,1L0n,2013,NA,NA,NA,NA,NA,NA,NA
51300,PDUCK13,98,2013-08-18 00:00:00,NA,NA,Otolith,1300001975,2,Duck River,201399081,NO,NA,1L0n,2013,0,0,NA,NA,NA,NA,NA
51300,PDUCK13,99,2013-08-18 00:00:00,NA,NA,Axillary Process,1300001975,3,Duck River,201399081,NO,NA,1L0n,2013,NA,NA,NA,NA,NA,NA,NA
51300,PDUCK13,99,2013-08-18 00:00:00,NA,NA,Otolith,1300001975,3,Duck River,201399081,NO,NA,1L0n,2013,0,0,NA,NA,NA,NA,NA
51300,PDUCK13,100,2013-08-18 00:00:00,NA,NA,Axillary Process,1300001975,4,Duck River,201399081,NO,NA,1L0n,2013,NA,NA,NA,NA,NA,NA,NA
51300,PDUCK13,100,2013-08-18 00:00:00,NA,NA,Otolith,1300001975,4,Duck River,201399081,NO,NA,1L0n,2013,0,0,NA,NA,NA,NA,NA
51300,PDUCK13,101,2013-08-18 00:00:00,NA,NA,Axillary Process,1300001975,5,Duck River,201399081,NO,NA,1L0n,2013,NA,NA,NA,NA,NA,NA,NA
51300,PDUCK13,101,2013-08-18 00:00:00,NA,NA,Otolith,1300001975,5,Duck River,201399081,NO,NA,1L0n,2013,0,0,NA,NA,NA,NA,NA
51300,PDUCK13,102,2013-08-18 00:00:00,NA,NA,Axillary Process,1300001975,6,Duck River,201399081,NO,NA,1L0n,2013,NA,NA,NA,NA,NA,NA,NA
51300,PDUCK13,102,2013-08-18 00:00:00,NA,NA,Otolith,1300001975,6,Duck River,201399081,NO,NA,1L0n,2013,0,0,NA,NA,NA,NA,NA
51300,PDUCK13,103,2013-08-18 00:00:00,NA,NA,Axillary Process,1300001975,7,Duck River,201399081,NO,NA,1L0n,2013,NA,NA,NA,NA,NA,NA,NA
51300,PDUCK13,103,2013-08-18 00:00:00,NA,NA,Otolith,1300001975,7,Duck River,201399081,NO,NA,1L0n,2013,0,0,NA,NA,NA,NA,NA
51300,PDUCK13,104,2013-08-18 00:00:00,NA,NA,Axillary Process,1300001975,8,Duck River,201399081,NO,NA,1L0n,2013,NA,NA,NA,NA,NA,NA,NA
51300,PDUCK13,104,2013-08-18 00:00:00,NA,NA,Otolith,1300001975,8,Duck River,201399081,NO,NA,1L0n,2013,0,0,NA,NA,NA,NA,NA
51300,PDUCK13,105,2013-08-18 00:00:00,NA,NA,Axillary Process,1300001975,9,Duck River,201399081,NO,NA,1L0n,2013,NA,NA,NA,NA,NA,NA,NA
51300,PDUCK13,105,2013-08-18 00:00:00,NA,NA,Otolith,1300001975,9,Duck River,201399081,NO,NA,1L0n,2013,0,0,NA,NA,NA,NA,NA
51300,PDUCK13,106,2013-08-18 00:00:00,NA,NA,Axillary Process,1300001975,10,Duck River,201399081,NO,NA,1R20,2013,NA,NA,NA,NA,NA,NA,NA
51300,PDUCK13,106,2013-08-18 00:00:00,NA,NA,Otolith,1300001975,10,Duck River,201399081,NO,NA,1R20,2013,0,0,NA,NA,NA,NA,NA
51300,PDUCK13,107,2013-08-18 00:00:00,NA,NA,Axillary Process,1300001975,11,Duck River,201399081,NO,NA,1L0n,2013,NA,NA,NA,NA,NA,NA,NA
51300,PDUCK13,107,2013-08-18 00:00:00,NA,NA,Otolith,1300001975,11,Duck River,201399081,NO,NA,1L0n,2013,0,0,NA,NA,NA,NA,NA
51300,PDUCK13,108,2013-08-18 00:00:00,NA,NA,Axillary Process,1300001975,12,Duck River,201399081,NO,NA,1L0n,2013,NA,NA,NA,NA,NA,NA,NA
51300,PDUCK13,108,2013-08-18 00:00:00,NA,NA,Otolith,1300001975,12,Duck River,201399081,NO,NA,1L0n,2013,0,0,NA,NA,NA,NA,NA
51300,PDUCK13,109,2013-08-18 00:00:00,NA,NA,Axillary Process,1300001975,13,Duck River,201399081,NO,NA,1L0n,2013,NA,NA,NA,NA,NA,NA,NA
51300,PDUCK13,109,2013-08-18 00:00:00,NA,NA,Otolith,1300001975,13,Duck River,201399081,NO,NA,1L0n,2013,0,0,NA,NA,NA,NA,NA
51300,PDUCK13,110,2013-08-18 00:00:00,NA,NA,Axillary Process,1300001975,14,Duck River,201399081,NA,NA,4N22,2013,NA,NA,NA,NA,NA,NA,NA
51300,PDUCK13,110,2013-08-18 00:00:00,NA,NA,Otolith,1300001975,14,Duck River,201399081,NA,NA,4N22,2013,0,0,NA,NA,NA,NA,NA
51300,PDUCK13,111,2013-08-18 00:00:00,NA,NA,Axillary Process,1300001975,15,Duck River,201399081,NO,NA,1L0n,2013,NA,NA,NA,NA,NA,NA,NA
51300,PDUCK13,111,2013-08-18 00:00:00,NA,NA,Otolith,1300001975,15,Duck River,201399081,NO,NA,1L0n,2013,0,0,NA,NA,NA,NA,NA
51300,PDUCK13,112,2013-08-18 00:00:00,NA,NA,Axillary Process,1300001975,16,Duck River,201399081,NO,NA,1L0n,2013,NA,NA,NA,NA,NA,NA,NA
51300,PDUCK13,112,2013-08-18 00:00:00,NA,NA,Otolith,1300001975,16,Duck River,201399081,NO,NA,1L0n,2013,0,0,NA,NA,NA,NA,NA
51300,PDUCK13,113,2013-08-18 00:00:00,NA,NA,Axillary Process,1300001975,17,Duck River,201399081,NO,NA,1L0n,2013,NA,NA,NA,NA,NA,NA,NA
51300,PDUCK13,113,2013-08-18 00:00:00,NA,NA,Otolith,1300001975,17,Duck River,201399081,NO,NA,1L0n,2013,0,0,NA,NA,NA,NA,NA
51300,PDUCK13,114,2013-08-18 00:00:00,NA,NA,Axillary Process,1300001975,18,Duck River,201399081,NO,NA,1L0n,2013,NA,NA,NA,NA,NA,NA,NA
51300,PDUCK13,114,2013-08-18 00:00:00,NA,NA,Otolith,1300001975,18,Duck River,201399081,NO,NA,1L0n,2013,0,0,NA,NA,NA,NA,NA
51300,PDUCK13,115,2013-08-18 00:00:00,NA,NA,Axillary Process,1300001975,19,Duck River,201399081,NO,NA,1L0n,2013,NA,NA,NA,NA,NA,NA,NA
51300,PDUCK13,115,2013-08-18 00:00:00,NA,NA,Otolith,1300001975,19,Duck River,201399081,NO,NA,1L0n,2013,0,0,NA,NA,NA,NA,NA
51300,PDUCK13,116,2013-08-18 00:00:00,NA,NA,Axillary Process,1300001975,20,Duck River,201399081,NO,NA,1L0n,2013,NA,NA,NA,NA,NA,NA,NA
51300,PDUCK13,116,2013-08-18 00:00:00,NA,NA,Otolith,1300001975,20,Duck River,201399081,NO,NA,1L0n,2013,0,0,NA,NA,NA,NA,NA
51300,PDUCK13,117,2013-08-18 00:00:00,NA,NA,Axillary Process,1300001975,21,Duck River,201399081,NO,NA,1L0n,2013,NA,NA,NA,NA,NA,NA,NA
51300,PDUCK13,117,2013-08-18 00:00:00,NA,NA,Otolith,1300001975,21,Duck River,201399081,NO,NA,1L0n,2013,0,0,NA,NA,NA,NA,NA
51300,PDUCK13,118,2013-08-18 00:00:00,NA,NA,Axillary Process,1300001975,22,Duck River,201399081,NO,NA,1L0n,2013,NA,NA,NA,NA,NA,NA,NA
51300,PDUCK13,118,2013-08-18 00:00:00,NA,NA,Otolith,1300001975,22,Duck River,201399081,NO,NA,1L0n,2013,0,0,NA,NA,NA,NA,NA
51300,PDUCK13,119,2013-08-18 00:00:00,NA,NA,Axillary Process,1300001975,23,Duck River,201399081,NO,NA,1L0n,2013,NA,NA,NA,NA,NA,NA,NA
51300,PDUCK13,119,2013-08-18 00:00:00,NA,NA,Otolith,1300001975,23,Duck River,201399081,NO,NA,1L0n,2013,0,0,NA,NA,NA,NA,NA
51300,PDUCK13,120,2013-08-18 00:00:00,NA,NA,Axillary Process,1300001975,24,Duck River,201399081,NO,NA,1L0n,2013,NA,NA,NA,NA,NA,NA,NA
51300,PDUCK13,120,2013-08-18 00:00:00,NA,NA,Otolith,1300001975,24,Duck River,201399081,NO,NA,1L0n,2013,0,0,NA,NA,NA,NA,NA
51300,PDUCK13,121,2013-08-18 00:00:00,NA,NA,Axillary Process,1300001975,25,Duck River,201399081,NO,NA,1L0n,2013,NA,NA,NA,NA,NA,NA,NA
51300,PDUCK13,121,2013-08-18 00:00:00,NA,NA,Otolith,1300001975,25,Duck River,201399081,NO,NA,1L0n,2013,0,0,NA,NA,NA,NA,NA
51300,PDUCK13,122,2013-08-18 00:00:00,NA,NA,Axillary Process,1300001975,26,Duck River,201399081,NO,NA,1L0n,2013,NA,NA,NA,NA,NA,NA,NA
51300,PDUCK13,122,2013-08-18 00:00:00,NA,NA,Otolith,1300001975,26,Duck River,201399081,NO,NA,1L0n,2013,0,0,NA,NA,NA,NA,NA
51300,PDUCK13,123,2013-08-18 00:00:00,NA,NA,Axillary Process,1300001975,27,Duck River,201399081,NO,NA,1L0n,2013,NA,NA,NA,NA,NA,NA,NA
51300,PDUCK13,123,2013-08-18 00:00:00,NA,NA,Otolith,1300001975,27,Duck River,201399081,NO,NA,1L0n,2013,0,0,NA,NA,NA,NA,NA
51300,PDUCK13,124,2013-08-18 00:00:00,NA,NA,Axillary Process,1300001975,28,Duck River,201399081,NA,NA,3N66,2013,NA,NA,NA,NA,NA,NA,NA
51300,PDUCK13,124,2013-08-18 00:00:00,NA,NA,Otolith,1300001975,28,Duck River,201399081,NA,NA,3N66,2013,0,0,NA,NA,NA,NA,NA
51300,PDUCK13,125,2013-08-18 00:00:00,NA,NA,Axillary Process,1300001975,29,Duck River,201399081,NO,NA,1L0n,2013,NA,NA,NA,NA,NA,NA,NA
51300,PDUCK13,125,2013-08-18 00:00:00,NA,NA,Otolith,1300001975,29,Duck River,201399081,NO,NA,1L0n,2013,0,0,NA,NA,NA,NA,NA
51300,PDUCK13,126,2013-08-18 00:00:00,NA,NA,Axillary Process,1300001975,30,Duck River,201399081,NO,NA,1L0n,2013,NA,NA,NA,NA,NA,NA,NA
51300,PDUCK13,126,2013-08-18 00:00:00,NA,NA,Otolith,1300001975,30,Duck River,201399081,NO,NA,1L0n,2013,0,0,NA,NA,NA,NA,NA
51300,PDUCK13,127,2013-08-18 00:00:00,NA,NA,Axillary Process,1300001975,31,Duck River,201399081,NO,NA,1L0n,2013,NA,NA,NA,NA,NA,NA,NA
51300,PDUCK13,127,2013-08-18 00:00:00,NA,NA,Otolith,1300001975,31,Duck River,201399081,NO,NA,1L0n,2013,0,0,NA,NA,NA,NA,NA
51300,PDUCK13,128,2013-08-18 00:00:00,NA,NA,Axillary Process,1300001975,32,Duck River,201399081,NO,NA,1L0n,2013,NA,NA,NA,NA,NA,NA,NA
51300,PDUCK13,128,2013-08-18 00:00:00,NA,NA,Otolith,1300001975,32,Duck River,201399081,NO,NA,1L0n,2013,0,0,NA,NA,NA,NA,NA
51300,PDUCK13,129,2013-08-18 00:00:00,NA,NA,Axillary Process,1300001975,33,Duck River,201399081,NO,NA,1L0n,2013,NA,NA,NA,NA,NA,NA,NA
51300,PDUCK13,129,2013-08-18 00:00:00,NA,NA,Otolith,1300001975,33,Duck River,201399081,NO,NA,1L0n,2013,0,0,NA,NA,NA,NA,NA
51300,PDUCK13,130,2013-08-18 00:00:00,NA,NA,Axillary Process,1300001975,34,Duck River,201399081,NO,NA,1L0n,2013,NA,NA,NA,NA,NA,NA,NA
51300,PDUCK13,130,2013-08-18 00:00:00,NA,NA,Otolith,1300001975,34,Duck River,201399081,NO,NA,1L0n,2013,0,0,NA,NA,NA,NA,NA
51300,PDUCK13,131,2013-08-18 00:00:00,NA,NA,Axillary Process,1300001975,35,Duck River,201399081,NO,NA,1L0n,2013,NA,NA,NA,NA,NA,NA,NA
51300,PDUCK13,131,2013-08-18 00:00:00,NA,NA,Otolith,1300001975,35,Duck River,201399081,NO,NA,1L0n,2013,0,0,NA,NA,NA,NA,NA
51300,PDUCK13,132,2013-08-18 00:00:00,NA,NA,Axillary Process,1300001975,36,Duck River,201399081,NO,NA,1L0n,2013,NA,NA,NA,NA,NA,NA,NA
51300,PDUCK13,132,2013-08-18 00:00:00,NA,NA,Otolith,1300001975,36,Duck River,201399081,NO,NA,1L0n,2013,0,0,NA,NA,NA,NA,NA
51300,PDUCK13,133,2013-08-18 00:00:00,NA,NA,Axillary Process,1300001975,37,Duck River,201399081,NO,NA,1L0n,2013,NA,NA,NA,NA,NA,NA,NA
51300,PDUCK13,133,2013-08-18 00:00:00,NA,NA,Otolith,1300001975,37,Duck River,201399081,NO,NA,1L0n,2013,0,0,NA,NA,NA,NA,NA
51300,PDUCK13,134,2013-08-18 00:00:00,NA,NA,Axillary Process,1300001975,38,Duck River,201399081,NO,NA,1L0n,2013,NA,NA,NA,NA,NA,NA,NA
51300,PDUCK13,134,2013-08-18 00:00:00,NA,NA,Otolith,1300001975,38,Duck River,201399081,NO,NA,1L0n,2013,0,0,NA,NA,NA,NA,NA
51300,PDUCK13,135,2013-08-18 00:00:00,NA,NA,Axillary Process,1300001975,39,Duck River,201399081,NO,NA,1L0n,2013,NA,NA,NA,NA,NA,NA,NA
51300,PDUCK13,135,2013-08-18 00:00:00,NA,NA,Otolith,1300001975,39,Duck River,201399081,NO,NA,1L0n,2013,0,0,NA,NA,NA,NA,NA
51300,PDUCK13,136,2013-08-18 00:00:00,NA,NA,Axillary Process,1300001975,40,Duck River,201399081,NO,NA,1L0n,2013,NA,NA,NA,NA,NA,NA,NA
51300,PDUCK13,136,2013-08-18 00:00:00,NA,NA,Otolith,1300001975,40,Duck River,201399081,NO,NA,1L0n,2013,0,0,NA,NA,NA,NA,NA
51300,PDUCK13,137,2013-08-18 00:00:00,NA,NA,Axillary Process,1300001975,41,Duck River,201399081,NO,NA,1L1n,2013,NA,NA,NA,NA,NA,NA,NA
51300,PDUCK13,137,2013-08-18 00:00:00,NA,NA,Otolith,1300001975,41,Duck River,201399081,NO,NA,1L1n,2013,0,0,NA,NA,NA,NA,NA
51300,PDUCK13,138,2013-08-18 00:00:00,NA,NA,Axillary Process,1300001975,42,Duck River,201399081,NO,NA,1B11,2013,NA,NA,NA,NA,NA,NA,NA
51300,PDUCK13,138,2013-08-18 00:00:00,NA,NA,Otolith,1300001975,42,Duck River,201399081,NO,NA,1B11,2013,0,0,NA,NA,NA,NA,NA
51300,PDUCK13,139,2013-08-18 00:00:00,NA,NA,Axillary Process,1300001975,43,Duck River,201399081,NO,NA,1L0n,2013,NA,NA,NA,NA,NA,NA,NA
51300,PDUCK13,139,2013-08-18 00:00:00,NA,NA,Otolith,1300001975,43,Duck River,201399081,NO,NA,1L0n,2013,0,0,NA,NA,NA,NA,NA
51300,PDUCK13,140,2013-08-18 00:00:00,NA,NA,Axillary Process,1300001975,44,Duck River,201399081,NO,NA,1L0n,2013,NA,NA,NA,NA,NA,NA,NA
51300,PDUCK13,140,2013-08-18 00:00:00,NA,NA,Otolith,1300001975,44,Duck River,201399081,NO,NA,1L0n,2013,0,0,NA,NA,NA,NA,NA
51300,PDUCK13,141,2013-08-18 00:00:00,NA,NA,Axillary Process,1300001975,45,Duck River,201399081,NO,NA,1L0n,2013,NA,NA,NA,NA,NA,NA,NA
51300,PDUCK13,141,2013-08-18 00:00:00,NA,NA,Otolith,1300001975,45,Duck River,201399081,NO,NA,1L0n,2013,0,0,NA,NA,NA,NA,NA
51300,PDUCK13,142,2013-08-18 00:00:00,NA,NA,Axillary Process,1300001975,46,Duck River,201399081,NO,NA,1L0n,2013,NA,NA,NA,NA,NA,NA,NA
51300,PDUCK13,142,2013-08-18 00:00:00,NA,NA,Otolith,1300001975,46,Duck River,201399081,NO,NA,1L0n,2013,0,0,NA,NA,NA,NA,NA
51300,PDUCK13,143,2013-08-18 00:00:00,NA,NA,Axillary Process,1300001975,47,Duck River,201399081,NO,NA,1L0n,2013,NA,NA,NA,NA,NA,NA,NA
51300,PDUCK13,143,2013-08-18 00:00:00,NA,NA,Otolith,1300001975,47,Duck River,201399081,NO,NA,1L0n,2013,0,0,NA,NA,NA,NA,NA
51300,PDUCK13,144,2013-08-18 00:00:00,NA,NA,Axillary Process,1300001975,48,Duck River,201399081,NO,NA,1L0n,2013,NA,NA,NA,NA,NA,NA,NA
51300,PDUCK13,144,2013-08-18 00:00:00,NA,NA,Otolith,1300001975,48,Duck River,201399081,NO,NA,1L0n,2013,0,0,NA,NA,NA,NA,NA
51300,PDUCK13,145,2013-08-18 00:00:00,NA,NA,Axillary Process,1300001976,1,Duck River,201399082,NO,NA,1L0n,2013,NA,NA,NA,NA,NA,NA,NA
51300,PDUCK13,145,2013-08-18 00:00:00,NA,NA,Otolith,1300001976,1,Duck River,201399082,NO,NA,1L0n,2013,0,0,NA,NA,NA,NA,NA
51300,PDUCK13,146,2013-08-18 00:00:00,NA,NA,Axillary Process,1300001976,2,Duck River,201399082,NO,NA,1L0n,2013,NA,NA,NA,NA,NA,NA,NA
51300,PDUCK13,146,2013-08-18 00:00:00,NA,NA,Otolith,1300001976,2,Duck River,201399082,NO,NA,1L0n,2013,0,0,NA,NA,NA,NA,NA
51300,PDUCK13,147,2013-08-18 00:00:00,NA,NA,Axillary Process,1300001976,3,Duck River,201399082,NO,NA,1L0n,2013,NA,NA,NA,NA,NA,NA,NA
51300,PDUCK13,147,2013-08-18 00:00:00,NA,NA,Otolith,1300001976,3,Duck River,201399082,NO,NA,1L0n,2013,0,0,NA,NA,NA,NA,NA
51300,PDUCK13,148,2013-08-18 00:00:00,NA,NA,Axillary Process,1300001976,4,Duck River,201399082,NO,NA,1L0n,2013,NA,NA,NA,NA,NA,NA,NA
51300,PDUCK13,148,2013-08-18 00:00:00,NA,NA,Otolith,1300001976,4,Duck River,201399082,NO,NA,1L0n,2013,0,0,NA,NA,NA,NA,NA
51300,PDUCK13,149,2013-08-18 00:00:00,NA,NA,Axillary Process,1300001976,5,Duck River,201399082,NO,NA,1L0n,2013,NA,NA,NA,NA,NA,NA,NA
51300,PDUCK13,149,2013-08-18 00:00:00,NA,NA,Otolith,1300001976,5,Duck River,201399082,NO,NA,1L0n,2013,0,0,NA,NA,NA,NA,NA
51300,PDUCK13,150,2013-08-18 00:00:00,NA,NA,Axillary Process,1300001976,6,Duck River,201399082,NA,NA,3N66,2013,NA,NA,NA,NA,NA,NA,NA
51300,PDUCK13,150,2013-08-18 00:00:00,NA,NA,Otolith,1300001976,6,Duck River,201399082,NA,NA,3N66,2013,0,0,NA,NA,NA,NA,NA
51300,PDUCK13,151,2013-08-18 00:00:00,NA,NA,Axillary Process,1300001976,7,Duck River,201399082,NO,NA,1L0n,2013,NA,NA,NA,NA,NA,NA,NA
51300,PDUCK13,151,2013-08-18 00:00:00,NA,NA,Otolith,1300001976,7,Duck River,201399082,NO,NA,1L0n,2013,0,0,NA,NA,NA,NA,NA
51300,PDUCK13,152,2013-08-18 00:00:00,NA,NA,Axillary Process,1300001976,8,Duck River,201399082,NO,NA,1L0n,2013,NA,NA,NA,NA,NA,NA,NA
51300,PDUCK13,152,2013-08-18 00:00:00,NA,NA,Otolith,1300001976,8,Duck River,201399082,NO,NA,1L0n,2013,0,0,NA,NA,NA,NA,NA
